{
	"class_name" : "PinholeCameraParameters",
	"extrinsic" : 
	[
		0.9051468207227783,
		0.37330176940067933,
		0.20335934180108103,
		0.0,
		0.42360977605973049,
		-0.83208090621490771,
		-0.35804486190867618,
		0.0,
		0.035552644937779959,
		0.41022817367277442,
		-0.91128966578307491,
		0.0,
		-0.031364718836701763,
		0.098574257868319776,
		0.26260062585938904,
		1.0
	],
	"intrinsic" : 
	{
		"height" : 1061,
		"intrinsic_matrix" : 
		[
			918.85295341528945,
			0.0,
			0.0,
			0.0,
			918.85295341528945,
			0.0,
			959.5,
			530.0,
			1.0
		],
		"width" : 1920
	},
	"version_major" : 1,
	"version_minor" : 0
}