{
	"class_name" : "PinholeCameraParameters",
	"extrinsic" : 
	[
		1.0,
		-0.0,
		-0.0,
		0.0,
		0.0,
		-1.0,
		-0.0,
		0.0,
		0.0,
		-0.0,
		-1.0,
		0.0,
		0.016823771658662723,
		0.11020028627589541,
		0.18759925782560716,
		1.0
	],
	"intrinsic" : 
	{
		"height" : 1027,
		"intrinsic_matrix" : 
		[
			889.4080896866185,
			0.0,
			0.0,
			0.0,
			889.4080896866185,
			0.0,
			959.5,
			513.0,
			1.0
		],
		"width" : 1920
	},
	"version_major" : 1,
	"version_minor" : 0
}