{
	"class_name" : "PinholeCameraParameters",
	"extrinsic" : 
	[
		0.99637276187585611,
		0.023340873943127345,
		0.081832285776762298,
		0.0,
		0.0049741970750961789,
		-0.97597813825769197,
		0.21781168702920381,
		0.0,
		0.084950437052064412,
		-0.21661458225756816,
		-0.97255413525317069,
		0.0,
		0.016351049931493687,
		0.10755750489016908,
		0.16470020968633298,
		1.0
	],
	"intrinsic" : 
	{
		"height" : 1061,
		"intrinsic_matrix" : 
		[
			918.85295341528945,
			0.0,
			0.0,
			0.0,
			918.85295341528945,
			0.0,
			959.5,
			530.0,
			1.0
		],
		"width" : 1920
	},
	"version_major" : 1,
	"version_minor" : 0
}