{
	"class_name" : "PinholeCameraParameters",
	"extrinsic" : 
	[
		1.0,
		-0.0,
		-0.0,
		0.0,
		0.0,
		-1.0,
		-0.0,
		0.0,
		0.0,
		-0.0,
		-1.0,
		0.0,
		0.016830518031139319,
		0.11014050612837806,
		0.18727099952961032,
		1.0
	],
	"intrinsic" : 
	{
		"height" : 1027,
		"intrinsic_matrix" : 
		[
			889.4080896866185,
			0.0,
			0.0,
			0.0,
			889.4080896866185,
			0.0,
			959.5,
			513.0,
			1.0
		],
		"width" : 1920
	},
	"version_major" : 1,
	"version_minor" : 0
}